feature,mean_importance
fnlwgt,-3.720334836339045e-05
workclass,-7.641813053016478e-07
race,0.0
sex,0.0
native-country,0.0
occupation,1.6143246264088695e-06
education,0.0007383383443167913
age,0.0016410606544593031
hours-per-week,0.002574499182879675
marital-status,0.00704155912512755
capital-loss,0.00818174373824968
education-num,0.059394869156900135
capital-gain,0.14635889778480826
relationship,0.1505150076654514
