feature,mean_importance
fnlwgt,-0.002947643589122595
native-country,-0.0011562894295637394
occupation,-0.0005596652528401469
workclass,0.00205111468137964
race,0.0026967047964435607
education,0.00842084178644309
capital-loss,0.01116486463016445
sex,0.024130139827611453
hours-per-week,0.03296191941939765
relationship,0.03374855492685315
age,0.05205119569434606
marital-status,0.06277076741781182
education-num,0.07173757950830992
capital-gain,0.3082392616504676
