feature,mean_importance
native-country,-0.00032705369545045216
education,3.5582465888417404e-06
race,0.0008763965011465591
sex,0.002611704143821658
fnlwgt,0.0027182515104603234
workclass,0.0036450754132478667
occupation,0.01747615446076032
hours-per-week,0.02507089936073249
capital-loss,0.03422490524330659
relationship,0.03774922325660508
marital-status,0.03940439539342563
education-num,0.050552228048183524
age,0.07257914312694294
capital-gain,0.16906644958605063
